URL,Status,Sitemap URL
://,No sitemap found,
https://beckurbanfurniture.com.au,No sitemap found,
https://cane-line.co.uk,Sitemap found,https://cane-line.co.uk/sitemap.xml
https://edenliving.online,Sitemap found,https://edenliving.online/sitemap.xml
https://dunlin.com.au,Sitemap found,https://dunlin.com.au/sitemap.xml
https://vastinterior.com.au,Sitemap found,https://vastinterior.com.au/sitemap.xml
https://home-buy.com.au,No sitemap found,
https://hemisphereliving.com.au,Sitemap found,https://hemisphereliving.com.au/sitemap.xml
https://www.factorybuys.com.au,Sitemap found,https://www.factorybuys.com.au/sitemap.xml
https://dhfonline.com,Sitemap found,https://dhfonline.com/sitemap.xml
https://curiousgrace.com.au,No sitemap found,
https://www.tandemarbor.com,Sitemap found,https://www.tandemarbor.com/sitemap.xml
https://www.perchfurniture.com,Sitemap found,https://www.perchfurniture.com/sitemap.xml
https://modshop1.com,Sitemap found,https://modshop1.com/sitemap.xml
https://www.ourfurniturewarehouse.com.au,Sitemap found,https://www.ourfurniturewarehouse.com.au/sitemap.xml
https://www.hudsonfurniture.com.au,Sitemap found,https://www.hudsonfurniture.com.au/sitemap.xml
https://www.scandesign.com,Sitemap found,https://www.scandesign.com/sitemap.xml
https://www.sofamania.com,Sitemap found,https://www.sofamania.com/sitemap.xml
https://www.fentonandfenton.com.au,Sitemap found,https://www.fentonandfenton.com.au/sitemap.xml
https://themodern.net.au,No sitemap found,
https://4-chairs.com,Sitemap found,https://4-chairs.com/sitemap.xml
https://www.knoll.com,Sitemap found,https://www.knoll.com/sitemap.xml
https://acmeshelving.com,Sitemap found,https://acmeshelving.com/sitemap.xml
https://claytongrayhome.com,Sitemap found,https://claytongrayhome.com/sitemap.xml
https://www.do-shop.com,Sitemap found,https://www.do-shop.com/sitemap.xml
https://premiumpatio.com.au,Sitemap found,https://premiumpatio.com.au/sitemap.xml
https://www.theinside.com,Sitemap found,https://www.theinside.com/sitemap.xml
https://www.kmpfurniture.com,Sitemap found,https://www.kmpfurniture.com/sitemap.xml
https://www.jseitz.com,Sitemap found,https://www.jseitz.com/sitemap.xml
https://stationfurniture.store,No sitemap found,
https://pinchdesign.com,No sitemap found,
https://emfurn.com,Sitemap found,https://emfurn.com/sitemap.xml
https://cityfurnitureshop.com,No sitemap found,
https://nicoyafurniture.com.au,No sitemap found,
https://furnish123watertown.com,No sitemap found,
http://www.vawayside.net,No sitemap found,
https://24estyle.com,Sitemap found,https://24estyle.com/sitemap.xml
https://galvinbrothers.co.uk,Sitemap found,https://galvinbrothers.co.uk/sitemap.xml
https://shopspencerfurnituresiouxfalls.com,Sitemap found,https://shopspencerfurnituresiouxfalls.com/sitemap.xml
https://bryantscountrystore.com,Sitemap found,https://bryantscountrystore.com/sitemap.xml
https://blupeter.com.au,No sitemap found,
https://magnolialane.biz,Sitemap found,https://magnolialane.biz/sitemap.xml
https://www.vavoom.com.au,Sitemap found,https://www.vavoom.com.au/sitemap.xml
https://tyfinefurniture.com,No sitemap found,
https://vincentdesign.com.au,Sitemap found,https://vincentdesign.com.au/sitemap.xml
https://www.loungesplus.com.au,Sitemap found,https://www.loungesplus.com.au/sitemap.xml
https://www.danishinspirations.com,Sitemap found,https://www.danishinspirations.com/sitemap_index.xml
https://www.yellowleafhammocks.com,Sitemap found,https://www.yellowleafhammocks.com/sitemap.xml
https://www.theguestroomfurniture.com,Sitemap found,https://www.theguestroomfurniture.com/sitemap.xml
https://www.goodwoodfurniture.com.au,No sitemap found,
https://distinctive-interiors.com,No sitemap found,
https://www.furnitureworldgalleries.com,No sitemap found,
https://runyonsfinefurniture.com,Sitemap found,https://runyonsfinefurniture.com/sitemap.xml
https://asplundstore.se,No sitemap found,
https://karladubois.com,Sitemap found,https://karladubois.com/sitemap.xml
https://livingedge.com.au,Sitemap found,https://livingedge.com.au/sitemap_index.xml
https://viesso.com,Sitemap found,https://viesso.com/sitemap.xml
https://www.cranmorehome.com.au,Sitemap found,https://www.cranmorehome.com.au/sitemap.xml
https://www.balirepublic.com.au,No sitemap found,
https://www.fiveelementsfurniture.com,Sitemap found,https://www.fiveelementsfurniture.com/sitemap.xml
https://floydhome.com,Sitemap found,https://floydhome.com/sitemap.xml
https://houseofhollingsworthblog.com,No sitemap found,
https://www.mybudgetfurniture.com,No sitemap found,
https://columbineshowroom.com,Sitemap found,https://columbineshowroom.com/sitemap_index.xml
https://www.wardrobe-bunk-bed-sofa.uk,Sitemap found,https://www.wardrobe-bunk-bed-sofa.uk/sitemap.xml
https://dwell.co.uk,No sitemap found,
https://test-danish-inspirations.pantheonsite.io,No sitemap found,
https://dev-danish-inspirations.pantheonsite.io,No sitemap found,
https://www.comfortfurniture.com.sg,Sitemap found,https://www.comfortfurniture.com.sg/sitemap.xml
https://www.fads.co.uk,Sitemap found,https://www.fads.co.uk/sitemap_index.xml
https://furniturefetish.com.au,No sitemap found,
https://haute-living.com,No sitemap found,
https://dfohome.com,No sitemap found,
https://mulamu.com,Sitemap found,https://mulamu.com/sitemap.xml
https://www.timothyoulton.com,Sitemap found,https://www.timothyoulton.com/sitemap.xml
https://www.royaloakfurniture.co.uk,Sitemap found,https://www.royaloakfurniture.co.uk/sitemap.xml
https://www.hopewells.co.uk,Sitemap found,https://www.hopewells.co.uk/sitemap.xml
https://interiorsonline.com.au,No sitemap found,
https://totalpatioaccessories.com,Sitemap found,https://totalpatioaccessories.com/sitemap.xml
https://www.warmnordic.com,No sitemap found,
https://www.jensen-lewis.com,Sitemap found,https://www.jensen-lewis.com/sitemap.xml
https://kokocollective.com.au,Sitemap found,https://kokocollective.com.au/sitemap.xml
https://www.popandscott.com,Sitemap found,https://www.popandscott.com/sitemap.xml
https://daufurniture.com,No sitemap found,
https://www.waynesfinefurnitureandbedding.com,No sitemap found,
https://shophorne.com,Sitemap found,https://shophorne.com/sitemap.xml
https://cultdesign.co.nz,Sitemap found,https://cultdesign.co.nz/sitemap.xml
https://www.gowfb.com,Sitemap found,https://www.gowfb.com/sitemap.xml
https://capsulehome.com,No sitemap found,
https://thebrick.com,No sitemap found,
http://www.genesisfurniturelv.com,No sitemap found,
https://www.normann-copenhagen.com,No sitemap found,
https://allwoodfurn.com,Sitemap found,https://allwoodfurn.com/sitemap.xml
https://www.gloster.com,No sitemap found,
https://yesterdaystreefurniture.com,No sitemap found,
https://lostine.com,Sitemap found,https://lostine.com/sitemap.xml
https://decorum-shop.co.uk,No sitemap found,
https://www.mainecottage.com,Sitemap found,https://www.mainecottage.com/sitemap.xml
https://www.somedaydesigns.co.uk,Sitemap found,https://www.somedaydesigns.co.uk/sitemap.xml
https://homeresource.com,Sitemap found,https://homeresource.com/sitemap.xml
https://www.antoninimodernliving.com,Sitemap found,https://www.antoninimodernliving.com/sitemap.xml
https://calligarisla.com,No sitemap found,
https://www.idcmn.com,Sitemap found,https://www.idcmn.com/sitemap.xml
https://urbanfurnishing.net,Sitemap found,https://urbanfurnishing.net/sitemap.xml
https://vancouverwoodworks.com,Sitemap found,https://vancouverwoodworks.com/sitemap.xml
https://www.kannoa.com,Sitemap found,https://www.kannoa.com/sitemap.xml
https://theodores.com,No sitemap found,
https://stealasofa.com,No sitemap found,
https://osmen.com.au,Sitemap found,https://osmen.com.au/sitemap.xml
https://designkollective.com,Sitemap found,https://designkollective.com/sitemap.xml
https://www.theoakfurnitureshop.com,No sitemap found,
https://contempoconcepts.com,Sitemap found,https://contempoconcepts.com/sitemap.xml
https://www.thefurnituremegastore.co.uk,Sitemap found,https://www.thefurnituremegastore.co.uk/sitemap.xml
https://eurolivingfurniture.com,Sitemap found,https://eurolivingfurniture.com/sitemap.xml
https://valentinesfurniture.com.au,No sitemap found,
https://brownsquirrelfurniture.com,No sitemap found,
https://midinmod.com,Sitemap found,https://midinmod.com/sitemap.xml
http://www.kis-lv.com,No sitemap found,
https://www.jandjtreasuretrove.net,No sitemap found,
https://sarahellison.com.au,No sitemap found,
https://www.stevenshellliving.com,No sitemap found,
https://hauslondon.com,Sitemap found,https://hauslondon.com/sitemap.xml
https://www.furnituremarts.com,No sitemap found,
https://decorium.us,Sitemap found,https://decorium.us/sitemap.xml
https://www.softsquare.com,Sitemap found,https://www.softsquare.com/sitemap.xml
https://www.hipvan.com,No sitemap found,
https://www.groensfinefurniture.com,Sitemap found,https://www.groensfinefurniture.com/sitemap_index.xml
https://furnitureoutletnc.com,No sitemap found,
https://najarianfurniture.com,Sitemap found,https://najarianfurniture.com/sitemap.xml
https://huckandpeck.com,Sitemap found,https://huckandpeck.com/sitemap.xml
https://qualitywoods.com,Sitemap found,https://qualitywoods.com/sitemap.xml
https://oakspecialists.com,No sitemap found,
https://www.altamodafurniture.com,No sitemap found,
https://www.roccityfurniture.com,Sitemap found,https://www.roccityfurniture.com/sitemap.xml
https://www.efurnitureny.com,No sitemap found,
https://craftassociatesfurniture.com,Sitemap found,https://craftassociatesfurniture.com/sitemap.xml
https://huset-shop.com,Sitemap found,https://huset-shop.com/sitemap.xml
https://pawleysislandhammocks.com,No sitemap found,
https://americanbackyard.com,No sitemap found,
https://sika-design.com,Sitemap found,https://sika-design.com/sitemap.xml
https://www.scotmeachamwoodhome.com,Sitemap found,https://www.scotmeachamwoodhome.com/sitemap.xml
https://thebellacottage.com,Sitemap found,https://thebellacottage.com/sitemap.xml
https://www.skandium.com,Sitemap found,https://www.skandium.com/sitemap.xml
https://www.shorehousefurniture.com,No sitemap found,
https://sjotime.com,Sitemap found,https://sjotime.com/sitemap.xml
https://www.woodwaves.com,Sitemap found,https://www.woodwaves.com/sitemap.xml
https://jeremiahcollection.com,Sitemap found,https://jeremiahcollection.com/sitemap.xml
https://littlepartners.com,Sitemap found,https://littlepartners.com/sitemap.xml
https://www.furnish123quadcities.com,No sitemap found,
https://mybossfurniture.com,No sitemap found,
https://thefinestore.com,Sitemap found,https://thefinestore.com/sitemap.xml
https://lorfords.com,Sitemap found,https://lorfords.com/sitemap.xml
https://www.arighibianchi.co.uk,Sitemap found,https://www.arighibianchi.co.uk/sitemap.xml
https://www.puji.com,No sitemap found,
https://idlehands.design,Sitemap found,https://idlehands.design/sitemap.xml
https://wayborn.com,No sitemap found,
https://bastilleandsons.com.au,No sitemap found,
https://www.diyfurniturestore.com,No sitemap found,
https://allworldfurniture.com,No sitemap found,
https://thewoodroom.com.au,Sitemap found,https://thewoodroom.com.au/sitemap.xml
http://oot-oot.com,No sitemap found,
https://thebanyantree.com.au,Sitemap found,https://thebanyantree.com.au/sitemap.xml
https://hauserstores.com,Sitemap found,https://hauserstores.com/sitemap.xml
https://boahaus.com,Sitemap found,https://boahaus.com/sitemap.xml
https://www.unclaimed-furniture.com,No sitemap found,
https://www.sutherlandfurniture.com,Sitemap found,https://www.sutherlandfurniture.com/sitemap_index.xml
https://apato.com.au,Sitemap found,https://apato.com.au/sitemap.xml
https://www.living-home.co.uk,Sitemap found,https://www.living-home.co.uk/sitemap.xml
https://tabularasa-furniture.com,No sitemap found,
https://relm.com.au,Sitemap found,https://relm.com.au/sitemap.xml
https://ardoutdoor.com,Sitemap found,https://ardoutdoor.com/sitemap.xml
https://www.bovafurniture.com,No sitemap found,
https://www.hatihome.com,Sitemap found,https://www.hatihome.com/sitemap.xml
https://www.rockymountain.furniture,No sitemap found,
https://modernkomfort.ca,Sitemap found,https://modernkomfort.ca/sitemap.xml
https://www.aarniooriginals.com,Sitemap found,https://www.aarniooriginals.com/sitemap.xml
https://hedgehousefurniture.com,Sitemap found,https://hedgehousefurniture.com/sitemap.xml
https://www.statewidefurniture.com,No sitemap found,
https://livingbydesign.net.au,Sitemap found,https://livingbydesign.net.au/sitemap.xml
https://alasaw.com,Sitemap found,https://alasaw.com/sitemap.xml
https://classicwithatwist.com.au,Sitemap found,https://classicwithatwist.com.au/sitemap.xml
https://www.espasso.com,No sitemap found,
https://chansfurniture.com,Sitemap found,https://chansfurniture.com/sitemap.xml
https://www.ameriwoodhome.com,Sitemap found,https://www.ameriwoodhome.com/sitemap.xml
https://shop.vanillawood.com,Sitemap found,https://shop.vanillawood.com/sitemap.xml
https://www.morningstartrading.ca,Sitemap found,https://www.morningstartrading.ca/sitemap.xml
https://www.mossmanilahome.com,No sitemap found,
https://oakforless.com,Sitemap found,https://oakforless.com/sitemap.xml
http://www.mountainteak.com,Sitemap found,http://www.mountainteak.com/sitemap.xml
https://www.bellus.com,No sitemap found,
https://www.getmycouch.com,Sitemap found,https://www.getmycouch.com/sitemap.xml
https://www.lestudiolum.com,Sitemap found,https://www.lestudiolum.com/sitemap.xml
https://homestreethome.ie,Sitemap found,https://homestreethome.ie/sitemap.xml
https://www.myconcept.com.hk,Sitemap found,https://www.myconcept.com.hk/sitemap.xml
https://www.homeandstyle.com.sg,Sitemap found,https://www.homeandstyle.com.sg/sitemap.xml
https://vauntdesign.com,Sitemap found,https://vauntdesign.com/sitemap.xml
https://newforestrusticfurniture.co.uk,No sitemap found,
https://nazzek.myshopify.com,No sitemap found,
https://www.kolocollection.com,Sitemap found,https://www.kolocollection.com/sitemap.xml
https://furnitica-vinova.myshopify.com,Sitemap found,https://furnitica-vinova.myshopify.com/sitemap.xml
https://asianteakfurniture.com,Sitemap found,https://asianteakfurniture.com/sitemap.xml
https://jordanshome.ca,Sitemap found,https://jordanshome.ca/sitemap.xml
https://curiocavern.ph,No sitemap found,
https://urbangalleria.com,Sitemap found,https://urbangalleria.com/sitemap.xml
https://barnabylane.com.au,Sitemap found,https://barnabylane.com.au/sitemap.xml
https://www.dimshome.com,No sitemap found,
https://www.harpersproject.com,No sitemap found,
https://teak-warehouse-sale.com,Sitemap found,https://teak-warehouse-sale.com/sitemap.xml
https://teak-furniture-singapore.com,Sitemap found,https://teak-furniture-singapore.com/sitemap.xml
https://www.granitelane.com.au,Sitemap found,https://www.granitelane.com.au/sitemap.xml
https://www.shoptorious.com,No sitemap found,
https://mikazahome.ca,Sitemap found,https://mikazahome.ca/sitemap.xml
https://loft-theme-demo-nashville.myshopify.com,Sitemap found,https://loft-theme-demo-nashville.myshopify.com/sitemap.xml
https://teakco.com,Sitemap found,https://teakco.com/sitemap.xml
https://www.stylemyhome.com.au,Sitemap found,https://www.stylemyhome.com.au/sitemap.xml
https://boulevardoutdoorfurniture.com,Sitemap found,https://boulevardoutdoorfurniture.com/sitemap.xml
https://www.castlery.com,No sitemap found,
https://www.modernfurniture.com.au,Sitemap found,https://www.modernfurniture.com.au/sitemap.xml
https://big-sale-furniture.com,Sitemap found,https://big-sale-furniture.com/sitemap.xml
https://www.skovby.com,Sitemap found,https://www.skovby.com/sitemap.xml
https://www.modishstore.com,Sitemap found,https://www.modishstore.com/sitemap.xml
http://modliving.com.ph,No sitemap found,
https://candb.ca,Sitemap found,https://candb.ca/sitemap.xml
https://www.blackmango.com.au,Sitemap found,https://www.blackmango.com.au/sitemap.xml
https://brownandbeam.com,Sitemap found,https://brownandbeam.com/sitemap.xml
https://www.oopenspace.com,Sitemap found,https://www.oopenspace.com/sitemap.xml
https://jnmhome.ca,Sitemap found,https://jnmhome.ca/sitemap.xml
https://birba.co.za,No sitemap found,
https://furniturestoresalemoregon.com,Sitemap found,https://furniturestoresalemoregon.com/sitemap.xml
https://www.castlery.com.au,No sitemap found,
https://taeillo.com,Sitemap found,https://taeillo.com/sitemap.xml
https://vintage-etc.com,Sitemap found,https://vintage-etc.com/sitemap.xml
https://www.nigbursfinefurniture.com,No sitemap found,
https://www.hamac-shop.be,Sitemap found,https://www.hamac-shop.be/sitemap.xml
https://www.masayacompany.com,Sitemap found,https://www.masayacompany.com/sitemap.xml
https://www.youngath-art.com,Sitemap found,https://www.youngath-art.com/sitemap.xml
https://ubikhome.co.za,No sitemap found,
https://arkaliving.com,Sitemap found,https://arkaliving.com/sitemap.xml
https://thonet.co.nz,Sitemap found,https://thonet.co.nz/sitemap.xml
https://ikonitaly.com,No sitemap found,
https://www.oakvillage.co.uk,Sitemap found,https://www.oakvillage.co.uk/sitemap.xml
https://inliving.com,No sitemap found,
https://www.countrysideamishfurniture.com,No sitemap found,
https://www.fdxonline.com,No sitemap found,
https://davidsfurniture.com,No sitemap found,
http://www.diamondfurniturepremier.com,Sitemap found,http://www.diamondfurniturepremier.com/sitemap.xml
http://gharwakhri.com,No sitemap found,
https://www.cmphouse.com,Sitemap found,https://www.cmphouse.com/sitemap.xml
https://www.212concept.com,Sitemap found,https://www.212concept.com/sitemap.xml
https://vintagehomeboutique.ca,Sitemap found,https://vintagehomeboutique.ca/sitemap.xml
https://bydesignmodern.com,Sitemap found,https://bydesignmodern.com/sitemap.xml
https://www.couchpotatocompany.com,Sitemap found,https://www.couchpotatocompany.com/sitemap.xml
https://waltercox.co.uk,No sitemap found,
https://www.laura-james.co.uk,Sitemap found,https://www.laura-james.co.uk/sitemap.xml
https://www.stacksfurniture.co.nz,Sitemap found,https://www.stacksfurniture.co.nz/sitemap.xml
https://taktcph.com,Sitemap found,https://taktcph.com/sitemap_index.xml
https://atomi.shop,Sitemap found,https://atomi.shop/sitemap.xml
https://pastperfect.sg,Sitemap found,https://pastperfect.sg/sitemap_index.xml
https://www.houzzconcept.com.au,No sitemap found,
https://kenittifurniture.com,No sitemap found,
https://www.bfelix.com,No sitemap found,
https://emesfurnishop.co.uk,Sitemap found,https://emesfurnishop.co.uk/sitemap.xml
https://mossgardenhome.com,Sitemap found,https://mossgardenhome.com/sitemap.xml
https://www.amcfurniture.co.uk,Sitemap found,https://www.amcfurniture.co.uk/sitemap.xml
https://www.mydiscountmalta.com,Sitemap found,https://www.mydiscountmalta.com/sitemap.xml
https://timelessdesign.com.my,Sitemap found,https://timelessdesign.com.my/sitemap.xml
https://lazysusansusa.com,Sitemap found,https://lazysusansusa.com/sitemap.xml
https://www.pacificlifestyledecor.com,No sitemap found,
https://ifurnituresupply.com,Sitemap found,https://ifurnituresupply.com/sitemap.xml
http://www.muuduufurniture.com,No sitemap found,
https://nyfurnitureoutlets.com,Sitemap found,https://nyfurnitureoutlets.com/sitemap_index.xml
https://www.willowcreekteak.com,Sitemap found,https://www.willowcreekteak.com/sitemap.xml
https://hklivingusa.com,Sitemap found,https://hklivingusa.com/sitemap.xml
https://rusticcraft.ca,No sitemap found,
https://foxwoodmerchants.com,Sitemap found,https://foxwoodmerchants.com/sitemap.xml
https://zenchair.co.za,No sitemap found,
https://www.ambersfurniture.com,Sitemap found,https://www.ambersfurniture.com/sitemap.xml
https://fredericksgallery.ca,Sitemap found,https://fredericksgallery.ca/sitemap.xml
https://www.18karatstore.com,Sitemap found,https://www.18karatstore.com/sitemap.xml
https://minimalandmodern.ca,No sitemap found,
https://htinteriors.ca,No sitemap found,
https://scenicdecor.ca,No sitemap found,
https://www.equilibriumfurnishings.com,Sitemap found,https://www.equilibriumfurnishings.com/sitemap.xml
https://mildanmarket.com,Sitemap found,https://mildanmarket.com/sitemap.xml
https://designhouse.com,Sitemap found,https://designhouse.com/sitemap.xml
https://www.dengiloutdoorfurniture.com,No sitemap found,
https://rusteak.com,No sitemap found,
https://treaclegeorge.com,No sitemap found,
https://mueblesitaliano.ph,No sitemap found,
http://thomsonfurnitureonline.com,No sitemap found,
https://www.50-online.com,No sitemap found,
http://www.bycollage.com,No sitemap found,
http://veranda.com.au,Sitemap found,http://veranda.com.au/sitemap.xml
https://www.insaraf.com,Sitemap found,https://www.insaraf.com/sitemap.xml
https://www.lakkadhaara.com,Sitemap found,https://www.lakkadhaara.com/sitemap.xml
https://homedesignstoreflorida.com,Sitemap found,https://homedesignstoreflorida.com/sitemap.xml
https://www.kid2youth.in,No sitemap found,
https://www.nsquarestudio.com,Sitemap found,https://www.nsquarestudio.com/sitemap.xml
https://bedesign.fi,Sitemap found,https://bedesign.fi/sitemap.xml
https://lovenlight.eu,No sitemap found,
https://mesasilla.ca,No sitemap found,
https://www.furnitureworldsaskatoon.com,No sitemap found,
https://scanteak.com.sg,Sitemap found,https://scanteak.com.sg/sitemap.xml
http://roomyroom.com,Sitemap found,http://roomyroom.com/sitemap.xml
http://www.komodromos.com.cy,Sitemap found,http://www.komodromos.com.cy/sitemap_index.xml
https://www.finnavenue.com,Sitemap found,https://www.finnavenue.com/sitemap.xml
https://singaporetradingpost.com,Sitemap found,https://singaporetradingpost.com/sitemap.xml
https://www.herashome.com,No sitemap found,
https://boneinlayhome.com.au,No sitemap found,
https://singapore-furniture-sale.com,Sitemap found,https://singapore-furniture-sale.com/sitemap.xml
https://www.elementsconcept.com.sg,No sitemap found,
https://wholesaleclassicfurniture.com,Sitemap found,https://wholesaleclassicfurniture.com/sitemap.xml
https://1outdoorfurniture.com,Sitemap found,https://1outdoorfurniture.com/sitemap.xml
https://hemma.sg,Sitemap found,https://hemma.sg/sitemap.xml
https://wholesaleteakcompany.com,Sitemap found,https://wholesaleteakcompany.com/sitemap.xml
https://www.ministryofchair.com,Sitemap found,https://www.ministryofchair.com/sitemap.xml
https://www.novena.com.sg,Sitemap found,https://www.novena.com.sg/sitemap.xml
https://www.mfdesign.com.my,No sitemap found,
https://houseofanli.com,Sitemap found,https://houseofanli.com/sitemap.xml
https://hmezsofa.sg,No sitemap found,
https://home99.sg,No sitemap found,
https://www.vetrohome.com,Sitemap found,https://www.vetrohome.com/sitemap.xml
https://epilog.co.id,No sitemap found,
https://www.nookandcranny.com,Sitemap found,https://www.nookandcranny.com/sitemap.xml
https://www.bibliotek.co,No sitemap found,
https://www.gowanusfurniture.com,Sitemap found,https://www.gowanusfurniture.com/sitemap.xml
https://alteriors.ca,Sitemap found,https://alteriors.ca/sitemap.xml
https://taylorbdesign.com,No sitemap found,
https://ilrestaurato.com,Sitemap found,https://ilrestaurato.com/sitemap.xml
https://onske.co.uk,Sitemap found,https://onske.co.uk/sitemap.xml
https://syscomseatings.com,Sitemap found,https://syscomseatings.com/sitemap_index.xml
https://www.zavedo.nz,Sitemap found,https://www.zavedo.nz/sitemap.xml
https://solidaustin.com,No sitemap found,
http://www.italiafurniture.com,No sitemap found,
https://www.attichomestore.co.nz,No sitemap found,
https://urban-beach.co.nz,No sitemap found,
https://countrylife.co.nz,No sitemap found,
https://www.ultimateliving.co.nz,No sitemap found,
https://www.hammockshop.co.nz,Sitemap found,https://www.hammockshop.co.nz/sitemap.xml
https://www.eurohausfurniture.com,No sitemap found,
https://www.corcovado.co.nz,Sitemap found,https://www.corcovado.co.nz/sitemap.xml
https://www.lujo.co.nz,Sitemap found,https://www.lujo.co.nz/sitemap.xml
https://varkoa.com,No sitemap found,
https://www.shopden-la.com,Sitemap found,https://www.shopden-la.com/sitemap.xml
https://bohovalley.com.au,No sitemap found,
https://lesa.com.my,No sitemap found,
https://www.lounj.com.au,No sitemap found,
https://australianchildrensfurniture.com.au,No sitemap found,
https://sofasandmore.co.nz,Sitemap found,https://sofasandmore.co.nz/sitemap.xml
https://warehaus.sg,Sitemap found,https://warehaus.sg/sitemap.xml
https://www.bandhinidesign.com,Sitemap found,https://www.bandhinidesign.com/sitemap.xml
https://polini.co.nz,No sitemap found,
https://www.lujoliving.com,No sitemap found,
https://basefurniture.co.nz,No sitemap found,
https://razoutlets.com,No sitemap found,
https://all3loops.com,No sitemap found,
https://kubekfurniture.com,Sitemap found,https://kubekfurniture.com/sitemap.xml
https://modernhomefurniture.com.au,Sitemap found,https://modernhomefurniture.com.au/sitemap.xml
https://www.kwikshopnship.com.au,No sitemap found,
https://augustusbrandt.co.uk,Sitemap found,https://augustusbrandt.co.uk/sitemap.xml
https://www.zipchair.com,Sitemap found,https://www.zipchair.com/sitemap.xml
https://wrightsfurnitures.com,No sitemap found,
https://maximahouse.com,Sitemap found,https://maximahouse.com/sitemap.xml
https://nestz.com.au,No sitemap found,
https://woodaction.com,Sitemap found,https://woodaction.com/sitemap.xml
https://homesteadfurniturebc.com,Sitemap found,https://homesteadfurniturebc.com/sitemap.xml
https://woodtribe.co.nz,No sitemap found,
https://popstrukt.com,Sitemap found,https://popstrukt.com/sitemap.xml
https://dkmodernfurniture.com,Sitemap found,https://dkmodernfurniture.com/sitemap.xml
https://www.conceptuscollection.com,No sitemap found,
https://www.case22.com.au,Sitemap found,https://www.case22.com.au/sitemap.xml
https://www.rimufurniture.co.nz,Sitemap found,https://www.rimufurniture.co.nz/sitemap_index.xml
https://studioydesign.ca,Sitemap found,https://studioydesign.ca/sitemap.xml
https://pure-patio.com,Sitemap found,https://pure-patio.com/sitemap.xml
https://www.starliving.com.sg,No sitemap found,
https://jubileefurniturelv.com,Sitemap found,https://jubileefurniturelv.com/sitemap.xml
https://interiorsinvogue.com,Sitemap found,https://interiorsinvogue.com/sitemap.xml
https://www.skyhomedecor.com,No sitemap found,
https://emvy.gr,No sitemap found,
https://elegantoak.co.uk,No sitemap found,
https://em-say.com,No sitemap found,
https://www.madebyhame.com,No sitemap found,
https://rileysrealwood.com,No sitemap found,
https://houseofdurante.co.uk,No sitemap found,
https://www.konfoliving.com,No sitemap found,
https://rigersfitness.com,Sitemap found,https://rigersfitness.com/sitemap.xml
http://position-collective.com,No sitemap found,
https://ezzo.co.uk,Sitemap found,https://ezzo.co.uk/sitemap.xml
https://www.allaboutproduct.net,No sitemap found,
https://sakhome.co.uk,Sitemap found,https://sakhome.co.uk/sitemap.xml
https://www.royalgarden.com,No sitemap found,
https://huxlo.co.uk,Sitemap found,https://huxlo.co.uk/sitemap.xml
https://gousesfurniture.com,No sitemap found,
https://centralcoastfurniture.com,No sitemap found,
https://driftingwood.in,No sitemap found,
https://www.furnituresales.com.au,Sitemap found,https://www.furnituresales.com.au/sitemap.xml
https://www.koernerfurniture.com,No sitemap found,
https://avehome.com,Sitemap found,https://avehome.com/sitemap.xml
https://mandai-design.com,No sitemap found,
https://elephanthead.co.uk,Sitemap found,https://elephanthead.co.uk/sitemap.xml
https://www.mantrafurnishings.com,Sitemap found,https://www.mantrafurnishings.com/sitemap.xml
https://thecooldepot.com,No sitemap found,
https://www.jarrahmarri.com.au,No sitemap found,
https://www.coolstuffandaccessories.com,Sitemap found,https://www.coolstuffandaccessories.com/sitemap.xml
https://famgizmo.co.uk,No sitemap found,
https://denvermodern.com,Sitemap found,https://denvermodern.com/sitemap.xml
https://www.henryandoliverco.com,Sitemap found,https://www.henryandoliverco.com/sitemap.xml
https://www.interiorliving.ca,Sitemap found,https://www.interiorliving.ca/sitemap.xml
https://ifortifi.ca,No sitemap found,
https://french-classic-furniture.com,Sitemap found,https://french-classic-furniture.com/sitemap.xml
https://habitekshop.com,Sitemap found,https://habitekshop.com/sitemap.xml
https://www.astellahrela.com,No sitemap found,
https://homedesires.com,No sitemap found,
https://plankandpipe.co.uk,Sitemap found,https://plankandpipe.co.uk/sitemap.xml
https://www.greensladesfurniture.co.nz,Sitemap found,https://www.greensladesfurniture.co.nz/sitemap.xml
https://www.pizzazzhub.com.au,No sitemap found,
https://www.jardin.co.nz,No sitemap found,
https://www.polyteakoutdoor.com,Sitemap found,https://www.polyteakoutdoor.com/sitemap.xml
https://www.loomlan.com,No sitemap found,
https://www.savetheplanetfurniture.com,No sitemap found,
https://stylefurniture.com.sg,No sitemap found,
https://homeandpatioliving.com,No sitemap found,
https://www.souk.co.nz,Sitemap found,https://www.souk.co.nz/sitemap.xml
https://www.kotihome.com.au,No sitemap found,
https://shop-ames-interiors.com,Sitemap found,https://shop-ames-interiors.com/sitemap_index.xml
https://www.project82.com.au,No sitemap found,
https://walkeredisonshop.com,No sitemap found,
https://newstartfurniture.com.au,Sitemap found,https://newstartfurniture.com.au/sitemap.xml
https://veroabode.com,No sitemap found,
https://www.newleafupcycled.com.au,No sitemap found,
https://www.thedesignedit.com.au,Sitemap found,https://www.thedesignedit.com.au/sitemap.xml
https://www.therusticfurniturestore.com,Sitemap found,https://www.therusticfurniturestore.com/sitemap.xml
https://dormahome.com,Sitemap found,https://dormahome.com/sitemap.xml
https://www.paetry.com,No sitemap found,
https://reclaimedcharm.co,No sitemap found,
https://workspaceluxe.com.au,No sitemap found,
https://yoyo.co.nz,Sitemap found,https://yoyo.co.nz/sitemap.xml
https://mahliainteriors.com.au,Sitemap found,https://mahliainteriors.com.au/sitemap.xml
https://choufani.com,Sitemap found,https://choufani.com/sitemap.xml
https://modholic.com,No sitemap found,
https://panana.co.uk,Sitemap found,https://panana.co.uk/sitemap.xml
https://copperbarnhome.com,Sitemap found,https://copperbarnhome.com/sitemap.xml
https://www.ofo.com.au,Sitemap found,https://www.ofo.com.au/sitemap.xml
https://www.generalstorefurniture.com.au,Sitemap found,https://www.generalstorefurniture.com.au/sitemap.xml
https://wazofurniture.com,No sitemap found,
https://www.simpli-home.com,Sitemap found,https://www.simpli-home.com/sitemap.xml
https://www.unitedoutdoorfurniture.com.au,No sitemap found,
https://mrnanyang.com,Sitemap found,https://mrnanyang.com/sitemap.xml
https://www.mykahome.com.au,Sitemap found,https://www.mykahome.com.au/sitemap.xml
https://www.furniturecontracts.com.au,Sitemap found,https://www.furniturecontracts.com.au/sitemap.xml
https://www.naturalgeo.com,Sitemap found,https://www.naturalgeo.com/sitemap.xml
https://hamptonsstyle.com.au,Sitemap found,https://hamptonsstyle.com.au/sitemap.xml
https://www.bilberry-furniture.co.uk,No sitemap found,
https://bostonwoods.co.za,No sitemap found,
https://home-evolution.com,Sitemap found,https://home-evolution.com/sitemap.xml
https://humelabamerica.com,No sitemap found,
https://www.henkalab.com,No sitemap found,
https://www.innerspace.net.au,Sitemap found,https://www.innerspace.net.au/sitemap.xml
https://bydesigntexas.com,Sitemap found,https://bydesigntexas.com/sitemap.xml
https://www.blockandchisel.co.za,Sitemap found,https://www.blockandchisel.co.za/sitemap.xml
https://furnitureshop.net,No sitemap found,
https://grandads-shed.com,Sitemap found,https://grandads-shed.com/sitemap.xml
https://popularstores.co.za,No sitemap found,
https://lavida-furniture.com,Sitemap found,https://lavida-furniture.com/sitemap.xml
https://www.mooradians.com,No sitemap found,
https://rawmaterials.eu,Sitemap found,https://rawmaterials.eu/sitemap.xml
https://mydesignrepublic.com,No sitemap found,
https://mikisew.ca,No sitemap found,
https://modernityvintage.com,Sitemap found,https://modernityvintage.com/sitemap.xml
https://americanwholesalefurniturewi.com,No sitemap found,
https://www.smallspaceplus.com,Sitemap found,https://www.smallspaceplus.com/sitemap.xml
https://limitedabode.co.uk,Sitemap found,https://limitedabode.co.uk/sitemap.xml
https://www.alwaysabargain.co.uk,No sitemap found,
https://luxstreet.com.au,Sitemap found,https://luxstreet.com.au/sitemap_index.xml
https://www.totemroad.com,Sitemap found,https://www.totemroad.com/sitemap.xml
https://welcometohome.com.au,No sitemap found,
https://whataroom.com,Sitemap found,https://whataroom.com/sitemap.xml
https://mintffe.com.au,Sitemap found,https://mintffe.com.au/sitemap_index.xml
https://www.bbdgstore.com,No sitemap found,
https://penelopesgarden.us,No sitemap found,
http://www.odinlifestyle.com,No sitemap found,
https://perfectforthehome.co.uk,No sitemap found,
https://outonthepatio.com.au,No sitemap found,
https://gingerjarfurniture.com,No sitemap found,
https://jeffjonesfurniture.net,No sitemap found,
https://www.lastersfurniture.com,No sitemap found,
https://www.grainwoodfurniture.com,No sitemap found,
https://sghomefurnishing.com,No sitemap found,
https://www.byronbayhangingchairs.com.au,Sitemap found,https://www.byronbayhangingchairs.com.au/sitemap.xml
https://www.homebarsusa.com,Sitemap found,https://www.homebarsusa.com/sitemap.xml
https://www.wellhunghammocks.com,Sitemap found,https://www.wellhunghammocks.com/sitemap.xml
https://nofred.com,Sitemap found,https://nofred.com/sitemap.xml
https://brisbanefurniture.com.au,Sitemap found,https://brisbanefurniture.com.au/sitemap.xml
https://midcenturymasters.com,Sitemap found,https://midcenturymasters.com/sitemap.xml
https://www.klinnerfurniture.com,No sitemap found,
https://www.ledecostyle.com,Sitemap found,https://www.ledecostyle.com/sitemap.xml
https://primrosehomeware.co.uk,Sitemap found,https://primrosehomeware.co.uk/sitemap.xml
https://www.classic2modern.com,Sitemap found,https://www.classic2modern.com/sitemap.xml
https://www.wrights-furniture.com,No sitemap found,
https://www.theimporter.co.nz,Sitemap found,https://www.theimporter.co.nz/sitemap.xml
https://www.mrandmrswhite.net,Sitemap found,https://www.mrandmrswhite.net/sitemap.xml
https://idsfurniture.com,No sitemap found,
https://opulencehome.com,No sitemap found,
https://www.mymoderndecor.com,No sitemap found,
https://www.elanfurniturecorp.com,No sitemap found,
https://circa60.com,Sitemap found,https://circa60.com/sitemap.xml
https://www.stil.ie,No sitemap found,
https://www.novomodern.com,No sitemap found,
https://thecountryfurniture.com,Sitemap found,https://thecountryfurniture.com/sitemap.xml
https://reecefurniture.com,Sitemap found,https://reecefurniture.com/sitemap.xml
https://www.theteakplace.com.au,No sitemap found,
https://www.meta44.com,No sitemap found,
https://www.turquoise.co.uk,No sitemap found,
https://ulfertskids.com,Sitemap found,https://ulfertskids.com/sitemap.xml
https://www.prestige-affairs.com,Sitemap found,https://www.prestige-affairs.com/sitemap.xml
https://www.thecurious.mx,Sitemap found,https://www.thecurious.mx/sitemap.xml
https://www.smithmade.com.au,Sitemap found,https://www.smithmade.com.au/sitemap.xml
https://vanspecial.com,Sitemap found,https://vanspecial.com/sitemap.xml
https://www.canvasinteriors.com,Sitemap found,https://www.canvasinteriors.com/sitemap.xml
https://www.patiocottage.com,No sitemap found,
https://www.autonomousfurniture.com,Sitemap found,https://www.autonomousfurniture.com/sitemap.xml
https://www.wbjamieson.com,No sitemap found,
https://www.eventsuber.com,No sitemap found,
https://parliamentinteriors.com,Sitemap found,https://parliamentinteriors.com/sitemap.xml
https://elinahome.com,Sitemap found,https://elinahome.com/sitemap.xml
https://www.bbfurniturestore.co.uk,No sitemap found,
https://finditstyleithome.com.au,Sitemap found,https://finditstyleithome.com.au/sitemap.xml
https://medleyhome.com,Sitemap found,https://medleyhome.com/sitemap.xml
https://www.sunshinefurniture.com.au,Sitemap found,https://www.sunshinefurniture.com.au/sitemap.xml
https://www.simplyfurnishing.co.uk,No sitemap found,
https://www.modernisedliving.com.au,No sitemap found,
https://shop.humblecrew.com,Sitemap found,https://shop.humblecrew.com/sitemap.xml
https://woodshopfogoisland.ca,No sitemap found,
https://mybellas.com,No sitemap found,
https://uniqwafurniture.com.au,No sitemap found,
https://profilesny.com,No sitemap found,
https://www.hanaleyinteriors.co.uk,No sitemap found,
http://mollanbros.co.uk,Sitemap found,http://mollanbros.co.uk/sitemap.xml
https://atouchoffurniture.co.uk,Sitemap found,https://atouchoffurniture.co.uk/sitemap.xml
https://tiger-oak.com,Sitemap found,https://tiger-oak.com/sitemap.xml
https://jordansinteriors.ca,Sitemap found,https://jordansinteriors.ca/sitemap.xml
https://www.thefurniturefactory.org.uk,No sitemap found,
https://www.georgestreet.co.uk,Sitemap found,https://www.georgestreet.co.uk/sitemap.xml
https://bestfurniture.co.nz,Sitemap found,https://bestfurniture.co.nz/sitemap.xml
https://galaxiemodern.com,No sitemap found,
https://www.imfurniturestore.com,No sitemap found,
https://lexiconhome.com,Sitemap found,https://lexiconhome.com/sitemap.xml
http://camerich-bd.com,Sitemap found,http://camerich-bd.com/sitemap.xml
https://pastoesales.com,No sitemap found,
https://empirefurniture.co.nz,No sitemap found,
https://adona.in,Sitemap found,https://adona.in/sitemap.xml
https://www.soleilcollective.com,No sitemap found,
https://timleveson.shop,No sitemap found,
https://www.valaray.com,No sitemap found,
https://nativelifestyle.co.uk,Sitemap found,https://nativelifestyle.co.uk/sitemap.xml
https://shop.gubi.com,No sitemap found,
https://hoomefurniture.com,No sitemap found,
https://www.thenineschools.co.uk,No sitemap found,
https://us.alexandrallewellyn.com,No sitemap found,
https://yourpatiostore.com,Sitemap found,https://yourpatiostore.com/sitemap.xml
https://bohincstudio.com,Sitemap found,https://bohincstudio.com/sitemap.xml
https://austinleathergallerytx.com,No sitemap found,
https://www.idealfurnishings.co.uk,No sitemap found,
https://ingoodcompany.com.au,Sitemap found,https://ingoodcompany.com.au/sitemap.xml
https://rutherford-romaguera2611.myshopify.com,Sitemap found,https://rutherford-romaguera2611.myshopify.com/sitemap.xml
https://www.needlerock.co.uk,Sitemap found,https://www.needlerock.co.uk/sitemap_index.xml
https://www.saladinostyle.com,Sitemap found,https://www.saladinostyle.com/sitemap.xml
https://finelinefurnitureandaccessories.com,Sitemap found,https://finelinefurnitureandaccessories.com/sitemap.xml
http://olgunstore.com,No sitemap found,
https://bungalowfurniture.com,Sitemap found,https://bungalowfurniture.com/sitemap.xml
https://ajnaliving.com,No sitemap found,
https://gibsonpatioshop.com,No sitemap found,
https://camerichseattle.com,No sitemap found,
https://donar.si,Sitemap found,https://donar.si/sitemap.xml
https://foldsmart.co.uk,No sitemap found,
https://foreverfurniture.ca,Sitemap found,https://foreverfurniture.ca/sitemap.xml
https://www.countrytime.ca,Sitemap found,https://www.countrytime.ca/sitemap_index.xml
https://www.gblfurniture.com,Sitemap found,https://www.gblfurniture.com/sitemap.xml
https://sigmanmills.com,No sitemap found,
https://domedeco.us,No sitemap found,
https://zulufurniture.com,No sitemap found,
https://www.hopperstudio.com,Sitemap found,https://www.hopperstudio.com/sitemap.xml
https://furnituremaddness.com,No sitemap found,
https://westbridgefurniturestoke.co.uk,No sitemap found,
https://suncoastsitra.shoptiqstore.com.sg,No sitemap found,
https://www.homekoncepts.com,No sitemap found,
https://www.centralliving.co.uk,Sitemap found,https://www.centralliving.co.uk/sitemap.xml
http://www.furnimax.co.uk,No sitemap found,
http://www.makebuildmend.co.uk,No sitemap found,
https://www.therejectshop.sg,Sitemap found,https://www.therejectshop.sg/sitemap.xml
https://www.angliarecliners.co.uk,Sitemap found,https://www.angliarecliners.co.uk/sitemap_index.xml
https://pepegarden.co.uk,Sitemap found,https://pepegarden.co.uk/sitemap.xml
https://pinchdesign.co.uk,No sitemap found,
https://hilaryandflo.co.uk,Sitemap found,https://hilaryandflo.co.uk/sitemap.xml
https://headandhaft.co.uk,No sitemap found,
https://www.thechesterfieldshop.com,No sitemap found,
https://settlehome.co.uk,Sitemap found,https://settlehome.co.uk/sitemap.xml
https://shannonsales.co.uk,Sitemap found,https://shannonsales.co.uk/sitemap.xml
https://www.sartra.co.uk,No sitemap found,
https://www.simplyhammocks.co.uk,Sitemap found,https://www.simplyhammocks.co.uk/sitemap.xml
https://davishomefurniture.com,No sitemap found,
https://tiffanyjayne.co.uk,Sitemap found,https://tiffanyjayne.co.uk/sitemap.xml
https://www.whytesofcrossgar.co.uk,Sitemap found,https://www.whytesofcrossgar.co.uk/sitemap.xml
https://www.langria.com,No sitemap found,
https://www.solidoakfurniture.co.uk,No sitemap found,
https://lloydloom-uk.co.uk,Sitemap found,https://lloydloom-uk.co.uk/sitemap.xml
https://glenwoodfurnishings.co.uk,No sitemap found,
https://www.askewsfurniture.co.uk,Sitemap found,https://www.askewsfurniture.co.uk/sitemap.xml
https://www.royalcraft.co.uk,Sitemap found,https://www.royalcraft.co.uk/sitemap.xml
https://www.dillamores.co.uk,Sitemap found,https://www.dillamores.co.uk/sitemap.xml
https://www.bridgnorthfurniture.co.uk,Sitemap found,https://www.bridgnorthfurniture.co.uk/sitemap.xml
https://www.theattikstannes.co.uk,Sitemap found,https://www.theattikstannes.co.uk/sitemap.xml
https://thefurniture-house.co.uk,Sitemap found,https://thefurniture-house.co.uk/sitemap.xml
http://davidmoura.co.uk,Sitemap found,http://davidmoura.co.uk/sitemap.xml
https://www.theurbaneditions.com,Sitemap found,https://www.theurbaneditions.com/sitemap.xml
http://andywilx.co.uk,No sitemap found,
https://furnituredirectonline.co.uk,Sitemap found,https://furnituredirectonline.co.uk/sitemap.xml
https://furniturebylauren.co.uk,Sitemap found,https://furniturebylauren.co.uk/sitemap_index.xml
https://www.fireandco.co.uk,No sitemap found,
http://imaginexfurniture.uk,No sitemap found,
https://limesinteriors.co.uk,No sitemap found,
https://furniturevilla.co.uk,Sitemap found,https://furniturevilla.co.uk/sitemap.xml
http://m-edition.co.uk,No sitemap found,
https://www.walteralice.com,No sitemap found,
https://hanchicsfurniture.co.uk,Sitemap found,https://hanchicsfurniture.co.uk/sitemap.xml
https://paulcaseboutique.co.uk,No sitemap found,
https://www.nabisottomanfurniture.co.uk,Sitemap found,https://www.nabisottomanfurniture.co.uk/sitemap.xml
https://baskdesign.com,No sitemap found,
https://www.poppiesfurnituredirect.co.uk,Sitemap found,https://www.poppiesfurnituredirect.co.uk/sitemap.xml
http://macquillanhome.co.uk,No sitemap found,
https://www.reckageathome.co.uk,No sitemap found,
https://www.simplyhomeinteriors.co.uk,Sitemap found,https://www.simplyhomeinteriors.co.uk/sitemap.xml
http://www.sjdfurniture.co.uk,No sitemap found,
http://thefurnitureshopblackhall.co.uk,No sitemap found,
https://www.tobychairs.com,No sitemap found,
http://furniture4lettings.co.uk,No sitemap found,
https://www.littletulip.com,Sitemap found,https://www.littletulip.com/sitemap.xml
https://shop4sofas.co.uk,No sitemap found,
https://rotherwoodfurniture.com,No sitemap found,
https://uniquehomefurnishing.co.uk,Sitemap found,https://uniquehomefurnishing.co.uk/sitemap.xml
https://britishhomeinteriors.co.uk,No sitemap found,
https://urbansize.co.uk,Sitemap found,https://urbansize.co.uk/sitemap.xml
https://www.abowed.co.uk,Sitemap found,https://www.abowed.co.uk/sitemap.xml
https://www.rightprice.co.uk,Sitemap found,https://www.rightprice.co.uk/sitemap.xml
https://www.modernfurnituredeals.co.uk,Sitemap found,https://www.modernfurnituredeals.co.uk/sitemap.xml
https://www.grandadsshedbrigg.co.uk,Sitemap found,https://www.grandadsshedbrigg.co.uk/sitemap_index.xml
https://www.peterboroughreclinercentre.co.uk,No sitemap found,
https://outletbarn.co.uk,No sitemap found,
https://www.chattelsfurniture.co.uk,No sitemap found,
https://divine-interiors.co.uk,No sitemap found,
https://www.maisonandgarden.co.uk,Sitemap found,https://www.maisonandgarden.co.uk/sitemap.xml
https://www.sheridaninteriors.co.uk,No sitemap found,
https://snugathome.co.uk,No sitemap found,
https://auburnfox.co.uk,No sitemap found,
https://igigishop.co.uk,No sitemap found,
https://www.quaysideinteriors.co.uk,Sitemap found,https://www.quaysideinteriors.co.uk/sitemap.xml
https://shackletonsretail.co.uk,No sitemap found,
https://www.lovettandjudge.co.uk,No sitemap found,
https://alidasa.co.uk,No sitemap found,
https://rusticland.co.uk,Sitemap found,https://rusticland.co.uk/sitemap.xml
https://chelseafurnishings.co.uk,Sitemap found,https://chelseafurnishings.co.uk/sitemap.xml
https://www.oaktreeupholstery.co.uk,No sitemap found,
https://ashtonandcoleman.co.uk,No sitemap found,
https://www.dezilux.co.uk,No sitemap found,
https://www.arfurnishings.co.uk,Sitemap found,https://www.arfurnishings.co.uk/sitemap.xml
https://www.homeaffections.co.uk,No sitemap found,
https://www.toplinestore.co.uk,No sitemap found,
https://jopa-interiors.co.uk,No sitemap found,
https://hemmingandwills.co.uk,Sitemap found,https://hemmingandwills.co.uk/sitemap.xml
https://elegancehomefurniture.co.uk,Sitemap found,https://elegancehomefurniture.co.uk/sitemap.xml
https://lamporia.com,No sitemap found,
https://rustic-furniture.co.uk,No sitemap found,
https://www.skhomedecor.co.uk,No sitemap found,
https://www.furlon.co.uk,No sitemap found,
https://www.decoframe.co.uk,Sitemap found,https://www.decoframe.co.uk/sitemap.xml
https://www.onlydiningchairs.com.au,Sitemap found,https://www.onlydiningchairs.com.au/sitemap.xml
https://afg.us.com,Sitemap found,https://afg.us.com/sitemap.xml
https://www.collectioni.com,Sitemap found,https://www.collectioni.com/sitemap.xml
https://www.myharmony.hk,Sitemap found,https://www.myharmony.hk/sitemap.xml
https://savannahspace.com,Sitemap found,https://savannahspace.com/sitemap.xml
https://odafurniture.com,No sitemap found,
https://www.sundays-company.com,Sitemap found,https://www.sundays-company.com/sitemap.xml
https://thebeachfurniture.com.au,Sitemap found,https://thebeachfurniture.com.au/sitemap.xml
https://airfurniture.co.uk,No sitemap found,
https://squarehome.com,Sitemap found,https://squarehome.com/sitemap.xml
https://noho.co,No sitemap found,
http://aonefurniture.in,No sitemap found,
https://superdealfurnituregallery.com,No sitemap found,
https://furnituremama.com,Sitemap found,https://furnituremama.com/sitemap.xml
https://www.mwfurnitureoutlet.com,No sitemap found,
https://derwenthouseliving.co.uk,Sitemap found,https://derwenthouseliving.co.uk/sitemap_index.xml
https://gfurniture.ca,No sitemap found,
https://www.harperandfaith.co.uk,No sitemap found,
https://thedorsetfurniturecompany.co.uk,No sitemap found,
https://signaturefinefurniture.ca,Sitemap found,https://signaturefinefurniture.ca/sitemap_index.xml
https://coastalhomecollective.com.au,No sitemap found,
https://thedesigndepot.co.nz,No sitemap found,
https://shabbystore.co.uk,No sitemap found,
https://allstatefurniturenj.com,No sitemap found,
https://fmvegas.com,No sitemap found,
https://www.search4furniture.com,No sitemap found,
https://windsorbedding.co.uk,No sitemap found,
https://www.jaimesfurniture.com,No sitemap found,
https://theoutdoorpatiostore.com,No sitemap found,
https://www.villalane.com.au,No sitemap found,
